Workbook

Sheet tree-scaling-viewport-w-specs_d
A1: Benchmark | B1: Mode | C1: Threads | D1: Samples | E1: Score | F1: Score Error (99.9%) | G1: Unit | H1: Param: MAX | I1: Param: ZOOM | J1: Param: viewport
A2: benchmark.TreeBenchmark.TreeScalingViewportBenchmark.search | B2: avgt | C2: 1 | D2: 5 | E2: 0.003448 | F2: 2.4e-05 | G2: ms/op | H2: 15 | I2: 30 | J2: ThreeHousesRoenne
A3: benchmark.TreeBenchmark.TreeScalingViewportBenchmark.search:depth | B3: avgt | C3: 1 | D3: 5 | E3: 35 | F3: NaN | G3: # | H3: 15 | I3: 30 | J3: ThreeHousesRoenne
A4: benchmark.TreeBenchmark.TreeScalingViewportBenchmark.search:depth_nonAccTest | B4: avgt | C4: 1 | D4: 5 | E4: 35 | F4: NaN | G4: # | H4: 15 | I4: 30 | J4: ThreeHousesRoenne
A5: benchmark.TreeBenchmark.TreeScalingViewportBenchmark.search:nodeCount | B5: avgt | C5: 1 | D5: 5 | E5: 661105 | F5: NaN | G5: # | H5: 15 | I5: 30 | J5: ThreeHousesRoenne
A6: benchmark.TreeBenchmark.TreeScalingViewportBenchmark.search:nodesVisited | B6: avgt | C6: 1 | D6: 5 | E6: 375 | F6: NaN | G6: # | H6: 15 | I6: 30 | J6: ThreeHousesRoenne
A7: benchmark.TreeBenchmark.TreeScalingViewportBenchmark.search | B7: avgt | C7: 1 | D7: 5 | E7: 4.96048 | F7: 0.444641 | G7: ms/op | H7: 15 | I7: 30 | J7: RoenneCity
A8: benchmark.TreeBenchmark.TreeScalingViewportBenchmark.search:depth | B8: avgt | C8: 1 | D8: 5 | E8: 35 | F8: NaN | G8: # | H8: 15 | I8: 30 | J8: RoenneCity
A9: benchmark.TreeBenchmark.TreeScalingViewportBenchmark.search:depth_nonAccTest | B9: avgt | C9: 1 | D9: 5 | E9: 35 | F9: NaN | G9: # | H9: 15 | I9: 30 | J9: RoenneCity
A10: benchmark.TreeBenchmark.TreeScalingViewportBenchmark.search:nodeCount | B10: avgt | C10: 1 | D10: 5 | E10: 661105 | F10: NaN | G10: # | H10: 15 | I10: 30 | J10: RoenneCity
A11: benchmark.TreeBenchmark.TreeScalingViewportBenchmark.search:nodesVisited | B11: avgt | C11: 1 | D11: 5 | E11: 45625 | F11: NaN | G11: # | H11: 15 | I11: 30 | J11: RoenneCity
A12: benchmark.TreeBenchmark.TreeScalingViewportBenchmark.search | B12: avgt | C12: 1 | D12: 5 | E12: 14.570232 | F12: 1.367552 | G12: ms/op | H12: 15 | I12: 30 | J12: GreaterRoenne
A13: benchmark.TreeBenchmark.TreeScalingViewportBenchmark.search:depth | B13: avgt | C13: 1 | D13: 5 | E13: 35 | F13: NaN | G13: # | H13: 15 | I13: 30 | J13: GreaterRoenne
A14: benchmark.TreeBenchmark.TreeScalingViewportBenchmark.search:depth_nonAccTest | B14: avgt | C14: 1 | D14: 5 | E14: 35 | F14: NaN | G14: # | H14: 15 | I14: 30 | J14: GreaterRoenne
A15: benchmark.TreeBenchmark.TreeScalingViewportBenchmark.search:nodeCount | B15: avgt | C15: 1 | D15: 5 | E15: 661105 | F15: NaN | G15: # | H15: 15 | I15: 30 | J15: GreaterRoenne
A16: benchmark.TreeBenchmark.TreeScalingViewportBenchmark.search:nodesVisited | B16: avgt | C16: 1 | D16: 5 | E16: 152895 | F16: NaN | G16: # | H16: 15 | I16: 30 | J16: GreaterRoenne
A17: benchmark.TreeBenchmark.TreeScalingViewportBenchmark.search | B17: avgt | C17: 1 | D17: 5 | E17: 20.507624 | F17: 1.978555 | G17: ms/op | H17: 15 | I17: 30 | J17: QuarterIslandCenterRoenne
A18: benchmark.TreeBenchmark.TreeScalingViewportBenchmark.search:depth | B18: avgt | C18: 1 | D18: 5 | E18: 35 | F18: NaN | G18: # | H18: 15 | I18: 30 | J18: QuarterIslandCenterRoenne
A19: benchmark.TreeBenchmark.TreeScalingViewportBenchmark.search:depth_nonAccTest | B19: avgt | C19: 1 | D19: 5 | E19: 35 | F19: NaN | G19: # | H19: 15 | I19: 30 | J19: QuarterIslandCenterRoenne
A20: benchmark.TreeBenchmark.TreeScalingViewportBenchmark.search:nodeCount | B20: avgt | C20: 1 | D20: 5 | E20: 661105 | F20: NaN | G20: # | H20: 15 | I20: 30 | J20: QuarterIslandCenterRoenne
A21: benchmark.TreeBenchmark.TreeScalingViewportBenchmark.search:nodesVisited | B21: avgt | C21: 1 | D21: 5 | E21: 228360 | F21: NaN | G21: # | H21: 15 | I21: 30 | J21: QuarterIslandCenterRoenne
A22: benchmark.TreeBenchmark.TreeScalingViewportBenchmark.search | B22: avgt | C22: 1 | D22: 5 | E22: 32.478005 | F22: 3.365875 | G22: ms/op | H22: 15 | I22: 30 | J22: HalfIslandBottom
A23: benchmark.TreeBenchmark.TreeScalingViewportBenchmark.search:depth | B23: avgt | C23: 1 | D23: 5 | E23: 35 | F23: NaN | G23: # | H23: 15 | I23: 30 | J23: HalfIslandBottom
A24: benchmark.TreeBenchmark.TreeScalingViewportBenchmark.search:depth_nonAccTest | B24: avgt | C24: 1 | D24: 5 | E24: 35 | F24: NaN | G24: # | H24: 15 | I24: 30 | J24: HalfIslandBottom
A25: benchmark.TreeBenchmark.TreeScalingViewportBenchmark.search:nodeCount | B25: avgt | C25: 1 | D25: 5 | E25: 661105 | F25: NaN | G25: # | H25: 15 | I25: 30 | J25: HalfIslandBottom
A26: benchmark.TreeBenchmark.TreeScalingViewportBenchmark.search:nodesVisited | B26: avgt | C26: 1 | D26: 5 | E26: 346545 | F26: NaN | G26: # | H26: 15 | I26: 30 | J26: HalfIslandBottom
A27: benchmark.TreeBenchmark.TreeScalingViewportBenchmark.search | B27: avgt | C27: 1 | D27: 5 | E27: 61.478993 | F27: 1.387248 | G27: ms/op | H27: 15 | I27: 30 | J27: FullIsland
A28: benchmark.TreeBenchmark.TreeScalingViewportBenchmark.search:depth | B28: avgt | C28: 1 | D28: 5 | E28: 35 | F28: NaN | G28: # | H28: 15 | I28: 30 | J28: FullIsland
A29: benchmark.TreeBenchmark.TreeScalingViewportBenchmark.search:depth_nonAccTest | B29: avgt | C29: 1 | D29: 5 | E29: 35 | F29: NaN | G29: # | H29: 15 | I29: 30 | J29: FullIsland
A30: benchmark.TreeBenchmark.TreeScalingViewportBenchmark.search:nodeCount | B30: avgt | C30: 1 | D30: 5 | E30: 661105 | F30: NaN | G30: # | H30: 15 | I30: 30 | J30: FullIsland
A31: benchmark.TreeBenchmark.TreeScalingViewportBenchmark.search:nodesVisited | B31: avgt | C31: 1 | D31: 5 | E31: 660785 | F31: NaN | G31: # | H31: 15 | I31: 30 | J31: FullIsland
A32: benchmark.TreeBenchmark.TreeScalingViewportBenchmark.search | B32: avgt | C32: 1 | D32: 5 | E32: 0.003074 | F32: 9.1e-05 | G32: ms/op | H32: 15 | I32: 30 | J32: DueoddeLighthouse
A33: benchmark.TreeBenchmark.TreeScalingViewportBenchmark.search:depth | B33: avgt | C33: 1 | D33: 5 | E33: 35 | F33: NaN | G33: # | H33: 15 | I33: 30 | J33: DueoddeLighthouse
A34: benchmark.TreeBenchmark.TreeScalingViewportBenchmark.search:depth_nonAccTest | B34: avgt | C34: 1 | D34: 5 | E34: 35 | F34: NaN | G34: # | H34: 15 | I34: 30 | J34: DueoddeLighthouse
A35: benchmark.TreeBenchmark.TreeScalingViewportBenchmark.search:nodeCount | B35: avgt | C35: 1 | D35: 5 | E35: 661105 | F35: NaN | G35: # | H35: 15 | I35: 30 | J35: DueoddeLighthouse
A36: benchmark.TreeBenchmark.TreeScalingViewportBenchmark.search:nodesVisited | B36: avgt | C36: 1 | D36: 5 | E36: 280 | F36: NaN | G36: # | H36: 15 | I36: 30 | J36: DueoddeLighthouse
A37: benchmark.TreeBenchmark.TreeScalingViewportBenchmark.search | B37: avgt | C37: 1 | D37: 5 | E37: 2.097894 | F37: 0.372841 | G37: ms/op | H37: 15 | I37: 30 | J37: DueoddeLighthouseGreaterArea
A38: benchmark.TreeBenchmark.TreeScalingViewportBenchmark.search:depth | B38: avgt | C38: 1 | D38: 5 | E38: 35 | F38: NaN | G38: # | H38: 15 | I38: 30 | J38: DueoddeLighthouseGreaterArea
A39: benchmark.TreeBenchmark.TreeScalingViewportBenchmark.search:depth_nonAccTest | B39: avgt | C39: 1 | D39: 5 | E39: 35 | F39: NaN | G39: # | H39: 15 | I39: 30 | J39: DueoddeLighthouseGreaterArea
A40: benchmark.TreeBenchmark.TreeScalingViewportBenchmark.search:nodeCount | B40: avgt | C40: 1 | D40: 5 | E40: 661105 | F40: NaN | G40: # | H40: 15 | I40: 30 | J40: DueoddeLighthouseGreaterArea
A41: benchmark.TreeBenchmark.TreeScalingViewportBenchmark.search:nodesVisited | B41: avgt | C41: 1 | D41: 5 | E41: 31815 | F41: NaN | G41: # | H41: 15 | I41: 30 | J41: DueoddeLighthouseGreaterArea
A42: benchmark.TreeBenchmark.TreeScalingViewportBenchmark.search | B42: avgt | C42: 1 | D42: 5 | E42: 0.004042 | F42: 0.00019 | G42: ms/op | H42: 30 | I42: 30 | J42: ThreeHousesRoenne
A43: benchmark.TreeBenchmark.TreeScalingViewportBenchmark.search:depth | B43: avgt | C43: 1 | D43: 5 | E43: 25 | F43: NaN | G43: # | H43: 30 | I43: 30 | J43: ThreeHousesRoenne
A44: benchmark.TreeBenchmark.TreeScalingViewportBenchmark.search:depth_nonAccTest | B44: avgt | C44: 1 | D44: 5 | E44: 25 | F44: NaN | G44: # | H44: 30 | I44: 30 | J44: ThreeHousesRoenne
A45: benchmark.TreeBenchmark.TreeScalingViewportBenchmark.search:nodeCount | B45: avgt | C45: 1 | D45: 5 | E45: 304085 | F45: NaN | G45: # | H45: 30 | I45: 30 | J45: ThreeHousesRoenne
A46: benchmark.TreeBenchmark.TreeScalingViewportBenchmark.search:nodesVisited | B46: avgt | C46: 1 | D46: 5 | E46: 235 | F46: NaN | G46: # | H46: 30 | I46: 30 | J46: ThreeHousesRoenne
A47: benchmark.TreeBenchmark.TreeScalingViewportBenchmark.search | B47: avgt | C47: 1 | D47: 5 | E47: 3.389523 | F47: 0.529277 | G47: ms/op | H47: 30 | I47: 30 | J47: RoenneCity
A48: benchmark.TreeBenchmark.TreeScalingViewportBenchmark.search:depth | B48: avgt | C48: 1 | D48: 5 | E48: 25 | F48: NaN | G48: # | H48: 30 | I48: 30 | J48: RoenneCity
A49: benchmark.TreeBenchmark.TreeScalingViewportBenchmark.search:depth_nonAccTest | B49: avgt | C49: 1 | D49: 5 | E49: 25 | F49: NaN | G49: # | H49: 30 | I49: 30 | J49: RoenneCity
A50: benchmark.TreeBenchmark.TreeScalingViewportBenchmark.search:nodeCount | B50: avgt | C50: 1 | D50: 5 | E50: 304085 | F50: NaN | G50: # | H50: 30 | I50: 30 | J50: RoenneCity
A51: benchmark.TreeBenchmark.TreeScalingViewportBenchmark.search:nodesVisited | B51: avgt | C51: 1 | D51: 5 | E51: 21090 | F51: NaN | G51: # | H51: 30 | I51: 30 | J51: RoenneCity
A52: benchmark.TreeBenchmark.TreeScalingViewportBenchmark.search | B52: avgt | C52: 1 | D52: 5 | E52: 13.448191 | F52: 1.616686 | G52: ms/op | H52: 30 | I52: 30 | J52: GreaterRoenne
A53: benchmark.TreeBenchmark.TreeScalingViewportBenchmark.search:depth | B53: avgt | C53: 1 | D53: 5 | E53: 25 | F53: NaN | G53: # | H53: 30 | I53: 30 | J53: GreaterRoenne
A54: benchmark.TreeBenchmark.TreeScalingViewportBenchmark.search:depth_nonAccTest | B54: avgt | C54: 1 | D54: 5 | E54: 25 | F54: NaN | G54: # | H54: 30 | I54: 30 | J54: GreaterRoenne
A55: benchmark.TreeBenchmark.TreeScalingViewportBenchmark.search:nodeCount | B55: avgt | C55: 1 | D55: 5 | E55: 304085 | F55: NaN | G55: # | H55: 30 | I55: 30 | J55: GreaterRoenne
A56: benchmark.TreeBenchmark.TreeScalingViewportBenchmark.search:nodesVisited | B56: avgt | C56: 1 | D56: 5 | E56: 71465 | F56: NaN | G56: # | H56: 30 | I56: 30 | J56: GreaterRoenne
A57: benchmark.TreeBenchmark.TreeScalingViewportBenchmark.search | B57: avgt | C57: 1 | D57: 5 | E57: 19.439579 | F57: 0.246646 | G57: ms/op | H57: 30 | I57: 30 | J57: QuarterIslandCenterRoenne
A58: benchmark.TreeBenchmark.TreeScalingViewportBenchmark.search:depth | B58: avgt | C58: 1 | D58: 5 | E58: 25 | F58: NaN | G58: # | H58: 30 | I58: 30 | J58: QuarterIslandCenterRoenne
A59: benchmark.TreeBenchmark.TreeScalingViewportBenchmark.search:depth_nonAccTest | B59: avgt | C59: 1 | D59: 5 | E59: 25 | F59: NaN | G59: # | H59: 30 | I59: 30 | J59: QuarterIslandCenterRoenne
A60: benchmark.TreeBenchmark.TreeScalingViewportBenchmark.search:nodeCount | B60: avgt | C60: 1 | D60: 5 | E60: 304085 | F60: NaN | G60: # | H60: 30 | I60: 30 | J60: QuarterIslandCenterRoenne
A61: benchmark.TreeBenchmark.TreeScalingViewportBenchmark.search:nodesVisited | B61: avgt | C61: 1 | D61: 5 | E61: 106410 | F61: NaN | G61: # | H61: 30 | I61: 30 | J61: QuarterIslandCenterRoenne
A62: benchmark.TreeBenchmark.TreeScalingViewportBenchmark.search | B62: avgt | C62: 1 | D62: 5 | E62: 31.407342 | F62: 0.267677 | G62: ms/op | H62: 30 | I62: 30 | J62: HalfIslandBottom
A63: benchmark.TreeBenchmark.TreeScalingViewportBenchmark.search:depth | B63: avgt | C63: 1 | D63: 5 | E63: 25 | F63: NaN | G63: # | H63: 30 | I63: 30 | J63: HalfIslandBottom
A64: benchmark.TreeBenchmark.TreeScalingViewportBenchmark.search:depth_nonAccTest | B64: avgt | C64: 1 | D64: 5 | E64: 25 | F64: NaN | G64: # | H64: 30 | I64: 30 | J64: HalfIslandBottom
A65: benchmark.TreeBenchmark.TreeScalingViewportBenchmark.search:nodeCount | B65: avgt | C65: 1 | D65: 5 | E65: 304085 | F65: NaN | G65: # | H65: 30 | I65: 30 | J65: HalfIslandBottom
A66: benchmark.TreeBenchmark.TreeScalingViewportBenchmark.search:nodesVisited | B66: avgt | C66: 1 | D66: 5 | E66: 160370 | F66: NaN | G66: # | H66: 30 | I66: 30 | J66: HalfIslandBottom
A67: benchmark.TreeBenchmark.TreeScalingViewportBenchmark.search | B67: avgt | C67: 1 | D67: 5 | E67: 56.348974 | F67: 2.716782 | G67: ms/op | H67: 30 | I67: 30 | J67: FullIsland
A68: benchmark.TreeBenchmark.TreeScalingViewportBenchmark.search:depth | B68: avgt | C68: 1 | D68: 5 | E68: 25 | F68: NaN | G68: # | H68: 30 | I68: 30 | J68: FullIsland
A69: benchmark.TreeBenchmark.TreeScalingViewportBenchmark.search:depth_nonAccTest | B69: avgt | C69: 1 | D69: 5 | E69: 25 | F69: NaN | G69: # | H69: 30 | I69: 30 | J69: FullIsland
A70: benchmark.TreeBenchmark.TreeScalingViewportBenchmark.search:nodeCount | B70: avgt | C70: 1 | D70: 5 | E70: 304085 | F70: NaN | G70: # | H70: 30 | I70: 30 | J70: FullIsland
A71: benchmark.TreeBenchmark.TreeScalingViewportBenchmark.search:nodesVisited | B71: avgt | C71: 1 | D71: 5 | E71: 304050 | F71: NaN | G71: # | H71: 30 | I71: 30 | J71: FullIsland
A72: benchmark.TreeBenchmark.TreeScalingViewportBenchmark.search | B72: avgt | C72: 1 | D72: 5 | E72: 0.002718 | F72: 8.4e-05 | G72: ms/op | H72: 30 | I72: 30 | J72: DueoddeLighthouse
A73: benchmark.TreeBenchmark.TreeScalingViewportBenchmark.search:depth | B73: avgt | C73: 1 | D73: 5 | E73: 25 | F73: NaN | G73: # | H73: 30 | I73: 30 | J73: DueoddeLighthouse
A74: benchmark.TreeBenchmark.TreeScalingViewportBenchmark.search:depth_nonAccTest | B74: avgt | C74: 1 | D74: 5 | E74: 25 | F74: NaN | G74: # | H74: 30 | I74: 30 | J74: DueoddeLighthouse
A75: benchmark.TreeBenchmark.TreeScalingViewportBenchmark.search:nodeCount | B75: avgt | C75: 1 | D75: 5 | E75: 304085 | F75: NaN | G75: # | H75: 30 | I75: 30 | J75: DueoddeLighthouse
A76: benchmark.TreeBenchmark.TreeScalingViewportBenchmark.search:nodesVisited | B76: avgt | C76: 1 | D76: 5 | E76: 135 | F76: NaN | G76: # | H76: 30 | I76: 30 | J76: DueoddeLighthouse
A77: benchmark.TreeBenchmark.TreeScalingViewportBenchmark.search | B77: avgt | C77: 1 | D77: 5 | E77: 2.098026 | F77: 0.803284 | G77: ms/op | H77: 30 | I77: 30 | J77: DueoddeLighthouseGreaterArea
A78: benchmark.TreeBenchmark.TreeScalingViewportBenchmark.search:depth | B78: avgt | C78: 1 | D78: 5 | E78: 25 | F78: NaN | G78: # | H78: 30 | I78: 30 | J78: DueoddeLighthouseGreaterArea
A79: benchmark.TreeBenchmark.TreeScalingViewportBenchmark.search:depth_nonAccTest | B79: avgt | C79: 1 | D79: 5 | E79: 25 | F79: NaN | G79: # | H79: 30 | I79: 30 | J79: DueoddeLighthouseGreaterArea
A80: benchmark.TreeBenchmark.TreeScalingViewportBenchmark.search:nodeCount | B80: avgt | C80: 1 | D80: 5 | E80: 304085 | F80: NaN | G80: # | H80: 30 | I80: 30 | J80: DueoddeLighthouseGreaterArea
A81: benchmark.TreeBenchmark.TreeScalingViewportBenchmark.search:nodesVisited | B81: avgt | C81: 1 | D81: 5 | E81: 14495 | F81: NaN | G81: # | H81: 30 | I81: 30 | J81: DueoddeLighthouseGreaterArea
A82: benchmark.TreeBenchmark.TreeScalingViewportBenchmark.search | B82: avgt | C82: 1 | D82: 5 | E82: 0.005051 | F82: 4e-05 | G82: ms/op | H82: 45 | I82: 30 | J82: ThreeHousesRoenne
A83: benchmark.TreeBenchmark.TreeScalingViewportBenchmark.search:depth | B83: avgt | C83: 1 | D83: 5 | E83: 25 | F83: NaN | G83: # | H83: 45 | I83: 30 | J83: ThreeHousesRoenne
A84: benchmark.TreeBenchmark.TreeScalingViewportBenchmark.search:depth_nonAccTest | B84: avgt | C84: 1 | D84: 5 | E84: 25 | F84: NaN | G84: # | H84: 45 | I84: 30 | J84: ThreeHousesRoenne
A85: benchmark.TreeBenchmark.TreeScalingViewportBenchmark.search:nodeCount | B85: avgt | C85: 1 | D85: 5 | E85: 197535 | F85: NaN | G85: # | H85: 45 | I85: 30 | J85: ThreeHousesRoenne
A86: benchmark.TreeBenchmark.TreeScalingViewportBenchmark.search:nodesVisited | B86: avgt | C86: 1 | D86: 5 | E86: 225 | F86: NaN | G86: # | H86: 45 | I86: 30 | J86: ThreeHousesRoenne
A87: benchmark.TreeBenchmark.TreeScalingViewportBenchmark.search | B87: avgt | C87: 1 | D87: 5 | E87: 3.650169 | F87: 0.982087 | G87: ms/op | H87: 45 | I87: 30 | J87: RoenneCity
A88: benchmark.TreeBenchmark.TreeScalingViewportBenchmark.search:depth | B88: avgt | C88: 1 | D88: 5 | E88: 25 | F88: NaN | G88: # | H88: 45 | I88: 30 | J88: RoenneCity
A89: benchmark.TreeBenchmark.TreeScalingViewportBenchmark.search:depth_nonAccTest | B89: avgt | C89: 1 | D89: 5 | E89: 25 | F89: NaN | G89: # | H89: 45 | I89: 30 | J89: RoenneCity
A90: benchmark.TreeBenchmark.TreeScalingViewportBenchmark.search:nodeCount | B90: avgt | C90: 1 | D90: 5 | E90: 197535 | F90: NaN | G90: # | H90: 45 | I90: 30 | J90: RoenneCity
A91: benchmark.TreeBenchmark.TreeScalingViewportBenchmark.search:nodesVisited | B91: avgt | C91: 1 | D91: 5 | E91: 14205 | F91: NaN | G91: # | H91: 45 | I91: 30 | J91: RoenneCity
A92: benchmark.TreeBenchmark.TreeScalingViewportBenchmark.search | B92: avgt | C92: 1 | D92: 5 | E92: 14.163603 | F92: 1.060854 | G92: ms/op | H92: 45 | I92: 30 | J92: GreaterRoenne
A93: benchmark.TreeBenchmark.TreeScalingViewportBenchmark.search:depth | B93: avgt | C93: 1 | D93: 5 | E93: 25 | F93: NaN | G93: # | H93: 45 | I93: 30 | J93: GreaterRoenne
A94: benchmark.TreeBenchmark.TreeScalingViewportBenchmark.search:depth_nonAccTest | B94: avgt | C94: 1 | D94: 5 | E94: 25 | F94: NaN | G94: # | H94: 45 | I94: 30 | J94: GreaterRoenne
A95: benchmark.TreeBenchmark.TreeScalingViewportBenchmark.search:nodeCount | B95: avgt | C95: 1 | D95: 5 | E95: 197535 | F95: NaN | G95: # | H95: 45 | I95: 30 | J95: GreaterRoenne
A96: benchmark.TreeBenchmark.TreeScalingViewportBenchmark.search:nodesVisited | B96: avgt | C96: 1 | D96: 5 | E96: 46370 | F96: NaN | G96: # | H96: 45 | I96: 30 | J96: GreaterRoenne
A97: benchmark.TreeBenchmark.TreeScalingViewportBenchmark.search | B97: avgt | C97: 1 | D97: 5 | E97: 20.180833 | F97: 0.529437 | G97: ms/op | H97: 45 | I97: 30 | J97: QuarterIslandCenterRoenne
A98: benchmark.TreeBenchmark.TreeScalingViewportBenchmark.search:depth | B98: avgt | C98: 1 | D98: 5 | E98: 25 | F98: NaN | G98: # | H98: 45 | I98: 30 | J98: QuarterIslandCenterRoenne
A99: benchmark.TreeBenchmark.TreeScalingViewportBenchmark.search:depth_nonAccTest | B99: avgt | C99: 1 | D99: 5 | E99: 25 | F99: NaN | G99: # | H99: 45 | I99: 30 | J99: QuarterIslandCenterRoenne
A100: benchmark.TreeBenchmark.TreeScalingViewportBenchmark.search:nodeCount | B100: avgt | C100: 1 | D100: 5 | E100: 197535 | F100: NaN | G100: # | H100: 45 | I100: 30 | J100: QuarterIslandCenterRoenne
...

Sheet total-nodes_visited-nodes_ratio
A1: Viewport | B1: 15 | C1: 30 | D1: 45 | E1: 60 | F1: 90
A2: ThreeHousesRoenne | B2: ='tree-scaling-viewport-w-specs_d'!E6/'tree-scaling-viewport-w-specs_d'!E5 -> 0.00056723213 | C2: ='tree-scaling-viewport-w-specs_d'!E46/'tree-scaling-viewport-w-specs_d'!E45 -> 0.00077281023 | D2: ='tree-scaling-viewport-w-specs_d'!E86/'tree-scaling-viewport-w-specs_d'!E85 -> 0.0011390387 | E2: ='tree-scaling-viewport-w-specs_d'!E126/'tree-scaling-viewport-w-specs_d'!E125 -> 0.0010435251 | F2: ='tree-scaling-viewport-w-specs_d'!E166/'tree-scaling-viewport-w-specs_d'!E165 -> 0.0015705745
A3: RoenneCity | B3: ='tree-scaling-viewport-w-specs_d'!E11/'tree-scaling-viewport-w-specs_d'!E10 -> 0.069013243 | C3: ='tree-scaling-viewport-w-specs_d'!E51/'tree-scaling-viewport-w-specs_d'!E50 -> 0.069355608 | D3: ='tree-scaling-viewport-w-specs_d'!E91/'tree-scaling-viewport-w-specs_d'!E90 -> 0.071911307 | E3: ='tree-scaling-viewport-w-specs_d'!E131/'tree-scaling-viewport-w-specs_d'!E130 -> 0.072676474 | F3: ='tree-scaling-viewport-w-specs_d'!E171/'tree-scaling-viewport-w-specs_d'!E170 -> 0.077312798
A4: GreaterRoenne | B4: ='tree-scaling-viewport-w-specs_d'!E16/'tree-scaling-viewport-w-specs_d'!E15 -> 0.23127189 | C4: ='tree-scaling-viewport-w-specs_d'!E56/'tree-scaling-viewport-w-specs_d'!E55 -> 0.23501652 | D4: ='tree-scaling-viewport-w-specs_d'!E96/'tree-scaling-viewport-w-specs_d'!E95 -> 0.23474321 | E4: ='tree-scaling-viewport-w-specs_d'!E136/'tree-scaling-viewport-w-specs_d'!E135 -> 0.23957316 | F4: ='tree-scaling-viewport-w-specs_d'!E176/'tree-scaling-viewport-w-specs_d'!E175 -> 0.23817003
A5: QuarterIslandCenterRoenne | B5: ='tree-scaling-viewport-w-specs_d'!E21/'tree-scaling-viewport-w-specs_d'!E20 -> 0.34542168 | C5: ='tree-scaling-viewport-w-specs_d'!E61/'tree-scaling-viewport-w-specs_d'!E60 -> 0.34993505 | D5: ='tree-scaling-viewport-w-specs_d'!E101/'tree-scaling-viewport-w-specs_d'!E100 -> 0.35072266 | E5: ='tree-scaling-viewport-w-specs_d'!E141/'tree-scaling-viewport-w-specs_d'!E140 -> 0.35180261 | F5: ='tree-scaling-viewport-w-specs_d'!E181/'tree-scaling-viewport-w-specs_d'!E180 -> 0.35155538
A6: HalfIslandBottom | B6: ='tree-scaling-viewport-w-specs_d'!E26/'tree-scaling-viewport-w-specs_d'!E25 -> 0.52419056 | C6: ='tree-scaling-viewport-w-specs_d'!E66/'tree-scaling-viewport-w-specs_d'!E65 -> 0.52738543 | D6: ='tree-scaling-viewport-w-specs_d'!E106/'tree-scaling-viewport-w-specs_d'!E105 -> 0.5282355 | E6: ='tree-scaling-viewport-w-specs_d'!E146/'tree-scaling-viewport-w-specs_d'!E145 -> 0.53468879 | F6: ='tree-scaling-viewport-w-specs_d'!E186/'tree-scaling-viewport-w-specs_d'!E185 -> 0.53495795
A7: FullIsland | B7: ='tree-scaling-viewport-w-specs_d'!E31/'tree-scaling-viewport-w-specs_d'!E30 -> 0.99951596 | C7: ='tree-scaling-viewport-w-specs_d'!E71/'tree-scaling-viewport-w-specs_d'!E70 -> 0.9998849 | D7: ='tree-scaling-viewport-w-specs_d'!E111/'tree-scaling-viewport-w-specs_d'!E110 -> 0.99989875 | E7: ='tree-scaling-viewport-w-specs_d'!E151/'tree-scaling-viewport-w-specs_d'!E150 -> 0.99983169 | F7: ='tree-scaling-viewport-w-specs_d'!E191/'tree-scaling-viewport-w-specs_d'!E190 -> 0.99974668
A8: DueoddeLighthouse | B8: ='tree-scaling-viewport-w-specs_d'!E36/'tree-scaling-viewport-w-specs_d'!E35 -> 0.00042353333 | C8: ='tree-scaling-viewport-w-specs_d'!E76/'tree-scaling-viewport-w-specs_d'!E75 -> 0.00044395482 | D8: ='tree-scaling-viewport-w-specs_d'!E116/'tree-scaling-viewport-w-specs_d'!E115 -> 0.00080998304 | E8: ='tree-scaling-viewport-w-specs_d'!E156/'tree-scaling-viewport-w-specs_d'!E155 -> 0.0011108493 | F8: ='tree-scaling-viewport-w-specs_d'!E196/'tree-scaling-viewport-w-specs_d'!E195 -> 0.0012159287
A9: DueoddeLighthouseGreaterArea | B9: ='tree-scaling-viewport-w-specs_d'!E41/'tree-scaling-viewport-w-specs_d'!E40 -> 0.048123974 | C9: ='tree-scaling-viewport-w-specs_d'!E81/'tree-scaling-viewport-w-specs_d'!E80 -> 0.047667593 | D9: ='tree-scaling-viewport-w-specs_d'!E121/'tree-scaling-viewport-w-specs_d'!E120 -> 0.049282406 | E9: ='tree-scaling-viewport-w-specs_d'!E161/'tree-scaling-viewport-w-specs_d'!E160 -> 0.050998081 | F9: ='tree-scaling-viewport-w-specs_d'!E201/'tree-scaling-viewport-w-specs_d'!E200 -> 0.052538251

Sheet query-speed
A1: Max | B1: ThreeHousesRoenne | C1: RoenneCity | D1: GreaterRoenne | E1: QuarterIslandCenterRoenne | F1: HalfIslandBottom | G1: FullIsland | H1: DueoddeLighthouse | I1: DueoddeLighthouseGreaterArea
A2: 15 | B2: ='tree-scaling-viewport-w-specs_d'!E2 -> 0.003448 | C2: ='tree-scaling-viewport-w-specs_d'!E7 -> 4.96048 | D2: ='tree-scaling-viewport-w-specs_d'!E12 -> 14.570232 | E2: ='tree-scaling-viewport-w-specs_d'!E17 -> 20.507624 | F2: ='tree-scaling-viewport-w-specs_d'!E22 -> 32.478005 | G2: ='tree-scaling-viewport-w-specs_d'!E27 -> 61.478993 | H2: ='tree-scaling-viewport-w-specs_d'!E32 -> 0.003074 | I2: ='tree-scaling-viewport-w-specs_d'!E37 -> 2.097894
A3: 30 | B3: ='tree-scaling-viewport-w-specs_d'!E42 -> 0.004042 | C3: ='tree-scaling-viewport-w-specs_d'!E47 -> 3.389523 | D3: ='tree-scaling-viewport-w-specs_d'!E52 -> 13.448191 | E3: ='tree-scaling-viewport-w-specs_d'!E57 -> 19.439579 | F3: ='tree-scaling-viewport-w-specs_d'!E62 -> 31.407342 | G3: ='tree-scaling-viewport-w-specs_d'!E67 -> 56.348974 | H3: ='tree-scaling-viewport-w-specs_d'!E72 -> 0.002718 | I3: ='tree-scaling-viewport-w-specs_d'!E77 -> 2.098026
A4: 45 | B4: ='tree-scaling-viewport-w-specs_d'!E82 -> 0.005051 | C4: ='tree-scaling-viewport-w-specs_d'!E87 -> 3.650169 | D4: ='tree-scaling-viewport-w-specs_d'!E92 -> 14.163603 | E4: ='tree-scaling-viewport-w-specs_d'!E97 -> 20.180833 | F4: ='tree-scaling-viewport-w-specs_d'!E102 -> 30.482888 | G4: ='tree-scaling-viewport-w-specs_d'!E107 -> 57.589695 | H4: ='tree-scaling-viewport-w-specs_d'!E112 -> 0.004921 | I4: ='tree-scaling-viewport-w-specs_d'!E117 -> 2.202327
A5: 60 | B5: ='tree-scaling-viewport-w-specs_d'!E122 -> 0.006606 | C5: ='tree-scaling-viewport-w-specs_d'!E127 -> 3.687413 | D5: ='tree-scaling-viewport-w-specs_d'!E132 -> 13.816407 | E5: ='tree-scaling-viewport-w-specs_d'!E137 -> 19.924925 | F5: ='tree-scaling-viewport-w-specs_d'!E142 -> 31.543393 | G5: ='tree-scaling-viewport-w-specs_d'!E147 -> 56.195179 | H5: ='tree-scaling-viewport-w-specs_d'!E152 -> 0.006778 | I5: ='tree-scaling-viewport-w-specs_d'!E157 -> 2.256589
A6: 90 | B6: ='tree-scaling-viewport-w-specs_d'!E162 -> 0.006547 | C6: ='tree-scaling-viewport-w-specs_d'!E167 -> 3.905428 | D6: ='tree-scaling-viewport-w-specs_d'!E172 -> 13.932201 | E6: ='tree-scaling-viewport-w-specs_d'!E177 -> 19.699795 | F6: ='tree-scaling-viewport-w-specs_d'!E182 -> 30.372959 | G6: ='tree-scaling-viewport-w-specs_d'!E187 -> 56.518675 | H6: ='tree-scaling-viewport-w-specs_d'!E192 -> 0.006076 | I6: ='tree-scaling-viewport-w-specs_d'!E197 -> 2.33901
